text,mood
Enjoying the stillness of the moment.,calm
Serenity surrounds me today.,calm
Everything feels overwhelming right now.,sad
Feeling calm and peaceful today.,calm
Life is beautiful and full of surprises.,happy
Had a great conversation with a friend.,happy
This is going to be the best day ever!,excited
It feels like the world is against me.,sad
"Too many thoughts, no clarity.",confused
This is going to be the best day ever!,excited
I am so excited for the weekend!,excited
Counting down the minutes until the event!,excited
Why is this so complicated?,confused
I’m literally bouncing with joy!,excited
My brain feels scrambled today.,confused
This situation is totally baffling.,confused
Nothing makes sense anymore.,sad
I hate everything today.,angry
I don't understand what's going on.,confused
Tears just won’t stop today.,sad
I don’t know what I’m doing with my life.,confused
Feeling calm and peaceful today.,calm
Feeling tense and uneasy all day.,anxious
Today feels heavy and grey.,sad
I'm feeling great today!,happy
Enjoying the stillness of the moment.,calm
Feeling electrified with excitement!,excited
What am I even supposed to do now?,confused
Tears just won’t stop today.,sad
I'm really irritated right now.,angry
It feels like the world is against me.,sad
Nervous about tomorrow’s meeting.,anxious
Why is everyone so annoying today?,angry
Even small things are stressing me out.,anxious
Anger is boiling inside me.,angry
Why is this so complicated?,confused
I'm really irritated right now.,angry
Today is flowing effortlessly.,calm
Just had the best coffee ever!,happy
Counting down the minutes until the event!,excited
Even small things are stressing me out.,anxious
"Too many thoughts, no clarity.",confused
I feel empty inside.,sad
Feeling tense and uneasy all day.,anxious
I want to scream!,angry
"Can’t focus, too much on my mind.",anxious
My brain feels scrambled today.,confused
Everything feels overwhelming right now.,sad
Just had the best coffee ever!,happy
I can’t stop overthinking everything.,anxious
My thoughts are gentle and slow.,calm
I am so excited for the weekend!,excited
Even small things are stressing me out.,anxious
Feeling tense and uneasy all day.,anxious
Life is beautiful and full of surprises.,happy
I don't understand what's going on.,confused
Feeling calm and peaceful today.,calm
Feeling relaxed and centered.,calm
Nervous about tomorrow’s meeting.,anxious
So done with this situation.,angry
Breathing deeply and letting go.,calm
Feeling electrified with excitement!,excited
Feeling electrified with excitement!,excited
Counting down the minutes until the event!,excited
Today is flowing effortlessly.,calm
This is going to be the best day ever!,excited
I'm feeling really happy today!,happy
Why is this so complicated?,confused
Everything is making me mad today.,angry
Just had the best coffee ever!,happy
"Can’t focus, too much on my mind.",anxious
I’m lost in my thoughts.,confused
My heart keeps racing for no reason.,anxious
I feel like I'm constantly on edge.,anxious
Why is everyone so annoying today?,angry
Can't wait for the trip tomorrow!,excited
Sunshine and good vibes only today.,happy
Nothing seems to cheer me up.,sad
I’m so anxious about the upcoming results.,anxious
I'm tired of pretending I'm okay.,sad
I’m so anxious about the upcoming results.,anxious
A quiet mind is a peaceful mind.,calm
Feeling grateful and content.,happy
Sunshine and good vibes only today.,happy
Nervous about tomorrow’s meeting.,anxious
My heart keeps racing for no reason.,anxious
Nervous about tomorrow’s meeting.,anxious
A quiet mind is a peaceful mind.,calm
Feeling electrified with excitement!,excited
It feels like the world is against me.,sad
I don’t know what I’m doing with my life.,confused
This is going to be the best day ever!,excited
"Something big is coming, I can feel it!",excited
I’m literally bouncing with joy!,excited
I feel like I'm constantly on edge.,anxious
"Too many thoughts, no clarity.",confused
I'm really irritated right now.,angry
Nothing seems to cheer me up.,sad
I'm tired of pretending I'm okay.,sad
Feeling grateful and content.,happy
Anger is boiling inside me.,angry
I don't understand what's going on.,confused
I'm feeling really happy today!,happy
Anger is boiling inside me.,angry
"Too many thoughts, no clarity.",confused
I feel lonely and disconnected.,sad
I am so excited for the weekend!,excited
Nervous about tomorrow’s meeting.,anxious
Sunshine and good vibes only today.,happy
So thrilled for what’s next!,excited
I’m lost in my thoughts.,confused
Why is this so complicated?,confused
I feel like punching something.,angry
So thrilled for what’s next!,excited
Everything feels overwhelming right now.,sad
I feel like I'm constantly on edge.,anxious
I’m literally bouncing with joy!,excited
Everything feels in harmony.,calm
Feeling electrified with excitement!,excited
I'm smiling for no reason and loving it.,happy
